year,value,anil
2000,10.0,30.0
2001,20.0,35.0
2002,1393.2857142857142,23.0
2003,1393.2857142857142,2342.0
2004,1393.2857142857142,27.5
2005,1393.2857142857142,24.0
2006,2323.0,245.0
2007,45.0,27.5
2008,565.0,25.0
2009,6767.0,25.0
2010,23.0,27.5
